酒店名字,特色设施介绍,预定电话
Ocean Breeze Hotel,拥有无边泳池、健身房和宠物友好型环境，提供无障碍设施与高速无线网络。,6723456
Golden Sun Resort,提供奢华水疗中心、24小时客房服务、餐厅以及停车场，适合商务和家庭旅客。,7854321
Mountain View Lodge,设有山景无障碍房间、宠物寄养服务、餐厅、健身房，客房设施齐全。,6581234
Silver Star Hotel,拥有无障碍游泳池、提供客房清洁、停车场、免费无线网络和24小时客房服务。,7129876
City Lights Hotel,设有顶层餐厅、豪华健身房、免费无线网络，并提供宠物友好服务和停车场。,7986543
Blue Lagoon Resort,提供无边泳池、私人水疗中心、餐厅及无障碍设施，适合家庭出游。,6342211
Royal Palm Hotel,提供高级客房设施、24小时客房服务、健身房以及宠物寄养服务，设有无障碍设施。,7451983
Sunset Paradise Inn,拥有日落景观餐厅、无障碍设施、游泳池、免费停车场和高速无线网络。,8234567
Crown Plaza Suites,设有宽敞的会议设施、健身房、水疗中心及免费无线网络，提供无障碍服务。,6567892
Lakefront Hotel,提供湖畔餐厅、24小时客房清洁服务、游泳池和无障碍设施，宠物友好型酒店。,7123456
Grand Empire Hotel,豪华水疗中心、顶级餐厅、提供健身房、宠物友好服务及无障碍设施。,7891234
Desert Oasis Resort,设有沙漠景观泳池、无障碍房间、宠物友好设施、24小时客房服务和停车场。,6345872
Forest Retreat Hotel,拥有森林景观餐厅、无障碍设施、24小时客房清洁及宠物友好环境。,6984321
Seaside Haven Hotel,海景房、豪华泳池、健身房、无障碍设施及宠物寄养服务，提供停车场。,7456123
Metropolitan Suites,拥有商务会议设施、健身房、餐厅、宠物友好型房间及无障碍设施，提供高速无线网络。,7342298
